{"cameraMode":{"drawMode":0,"name":"Shaded","section":"Shading Mode"},"sceneLighting":true,"audioPlay":false,"sceneViewState":{"m_AlwaysRefresh":false,"showFog":true,"showSkybox":true,"showFlares":true,"showImageEffects":true,"showParticleSystems":true,"showVisualEffectGraphs":true,"m_FxEnabled":true},"in2DMode":false,"pivot":{"x":-1.3521242141723633,"y":1.531120777130127,"z":1.8675293922424317},"rotation":{"x":0.008570786565542221,"y":-0.16513662040233613,"z":-0.0014344160445034505,"w":-0.9862315654754639},"size":4.881315231323242,"orthographic":false}